broken,no,word,ipa,th,ipa2,th2,translates/0/type,translates/0/th,translates/1/type,translates/1/th,translates/2/type,translates/2/th,translates/3/type,translates/3/th,translates/4/type,translates/4/th,translates/5/type,translates/5/th,translates/6/type,translates/6/th,translates/7/type,translates/7/th,examples/0/word,examples/0/type,examples/0/th
,547,က,kaˀ ,กะ ,,,n,พยัญชนะมอญตัวที่ 1,n,ปลา,adj,กว่า,adj,เกิน,,,,,,,,,ၜါစ်ှောဟွံက,adj,"ยี่สิบกว่า, เกินยี่สิบ"
,548,ကကြင်,kaˀ-kraˀŋ ,กะ-กรัง ,,,n,ปลาตะเพียน,,,,,,,,,,,,,,,,,
,549,ကကြင်ခေါ,kaˀ-kraˀŋ-kʰao ,กะ-กรัง-เคา ,,,n,ปลาตะเพียนขาว,,,,,,,,,,,,,,,,,
,550,ကကြင်ထင်,kaˀ-kraˀŋ-tʰaˀŋ ,กะ-กรัง-ทัง ,,,n,ปลาตะเพียนทอง,,,,,,,,,,,,,,,,,
,551,ကကၠ,kaˀ-klaˀ ,กะ-กละ ,,,n,ปลาชะโด,,,,,,,,,,,,,,,,,
,552,ကကၠိက်,kaˀ-klɤk ,กะ-เกลิก ,,,n,ปลาหมู,,,,,,,,,,,,,,,,,
,553,ကကၠဴ,kaˀ-klao ,กะ-กลาว ,,,n,ปลาตีน,,,,,,,,,,,,,,,,,
,554,ကခတေတ်,kaˀ-kʰaˀ-tet ,กะ-คะ-เตด ,,,n,ปลากะพง,,,,,,,,,,,,,,,,,
,555,ကခပိုင်,kaˀ-kʰaˀ-pɒŋ ,กะ-คะ-ปาฺง ,,,n,ปลาสวาย,,,,,,,,,,,,,,,,,
,556,ကဂဂေါင်,kaˀ-kɛ̀ˀ-kòŋ ,กะ-เกี่ยะ-โก่ง ,,,n,ปลาเข็ม,,,,,,,,,,,,,,,,,
,557,ကဂဗံင်,kaˀ-kɛ̀ˀ-pɒˀŋ ,กะ-เกี่ยะ-ป่อง ,,,n,ปลากระพงชนิดใหญ่,,,,,,,,,,,,,,,,,
,558,ကဂြင်ဗှ်,kaˀ-krɛˀŋ-pòh ,กะ-แกร่ง-โป่ฮ ,,,n,ปลาโลมา,,,,,,,,,,,,,,,,,
,559,ကဃြု,kaˀ-kʰɛ̤ˀruˀ ,กะ-เคี่ยะรุ่ ,,,n,ปลากะสง,,,,,,,,,,,,,,,,,
,560,ကစိန်,kaˀ-cɔeˀn ,กะ-จิน ,,,n,แหวน,,,,,,,,,,,,,,,,,
,561,ကစိန်ဇိင်ယာတ်,kaˀ-cɔeˀn-cɤˀŋ-ja̤t ,กะ-จิน-เจิ่ง-ย่าด ,,,n,ปลอกนิ้ว,,,,,,,,,,,,,,,,,
,562,ကစိန်ပလော,kaˀ-cɔeˀn-paˀ-ləʊ ,กะ-จิน-ปะ-โลว ,,,n,แหวนปลอกมีด,,,,,,,,,,,,,,,,,
,563,ကစိန်မတ်,kaˀ-cɔeˀn-mòt ,กะ-จิน-ม่ด ,,,n,แหวนประดับด้วยอัญมณี,,,,,,,,,,,,,,,,,
,564,ကစုက်,kaˀ-cɤk ,กะ-เจิก ,,,v,โดน,v,กระทบ,,,,,,,,,,,,,,,
,565,ကဆိင်,kaˀ-cʰɤŋ ,กะ-เชิง ,,,n,ช่างฟ้อน,n,ช่างรำ,,,,,,,,,,,,,,,
,566,ကဇနာန်,kaˀ-cɛ̀ˀ-na̤n ,กะ-เจี่ยะ-น่าน ,,,n,ปลาหลด,,,,,,,,,,,,,,,,,
,567,ကဇိုင်ဒိပ်,kaˀ-cə̤ŋ-tìˀp ,กะ-จ่าฺง-ติ่บ ,,,n,ปลาหมอตาล,n,ปลาหมอช้างเหยียบ,,,,,,,,,,,,,,,
,568,ကညောအ်,kɒɲ-ɲòˀ ,กอญ-โญ่ะ ,,,adj,ย่น,adj,ยับ,adj,ไม่เรียบ,,,,,,,,,,,,,
,569,ကဍတ်,kaˀ-ɗɒt ,กะ-ดอด ,,,n,ปลาหมอ,,,,,,,,,,,,,,,,,
,570,ကဍာ်,kaˀ-ɗak ,กะ-ดาก ,,,n,ปลาเค้า,n,อีกา,,,,,,,,,,,,,,,
,571,ကဍာ်ဂြိုပ်,kaˀ-ɗak-krɤˀp ,กะ-ดาก-เกริ่บ ,,,n,อีกาป่า,,,,,,,,,,,,,,,,,
,572,ကဍာ်ဗတင်,kaˀ-ɗak-pɛ̀ˀ-taˀŋ ,กะ-ดาก-เปี่ยะ-ตัง ,,,n,ปั้นจั่น,n,นกใหญ่ชนิดหนึ่ง,,,,,,,,,,,,,,,
,573,ကဍာ်ဗနံင်,kaˀ-ɗak-pɛ̀ˀ-nɒˀŋ ,กะ-ดาก-เปี่ยะ-น่อง ,,,n,นกดุเหว่า,,,,,,,,,,,,,,,,,
,574,ကဍာ်သၟိင်ရာံ,kaˀ-ɗak-saˀmɤŋ-rèm ,กะ-ดาก-ซะเมิง-เร่ม ,,,n,อีกาพระราม,,,,,,,,,,,,,,,,,
,575,ကဍာင်,kaˀ-ɗaŋ ,กะ-ดาง ,,,n,เหล็กกล้า,,,,,,,,,,,,,,,,,
,576,ကဍောပ်,kaˀ-ɗop ,กะ-โดบ ,,,v,หุบ,,,,,,,,,,,,,,,,,
,577,ကတဝေဒဳ,kaˀ-taˀ-wè-tì ,กะ-ตะ-เว่-ตี่ ,,,v,กตเวที,v,สนองคุณที่เขาได้ทำแก่ตัว,,,,,,,,,,,,,,,
,578,ကတက်,kaˀ-taˀk ,กะ-ตัก ,,,n,ท้ายทอย,,,,,,,,,,,,,,,,,
,579,ကတင်ၜဴ,kaˀ-taˀŋ-ɓao ,กะ-ตัง-บาว ,,,n,ปลาซิวอ้าว,,,,,,,,,,,,,,,,,
,580,ကတညူ,kaˀ-tɒɲ-ɲù ,กะ-ตอญ-ญู่ ,,,v,กตัญญู,v,รู้จักคุณที่เขาทำให้แก่ตัว,,,,,,,,,,,,,,,
,581,ကတာတ်,kaˀ-tat ,กะ-ตาด ,,,v,คลึง,v,ทำให้เป็นรูปทรงต่างๆ,v,ปั่นด้วยฝ่ามือสองข้าง,,,,,,,,,,,,,
,582,ကတာတ်ဖလေက်,kaˀ-tat-pʰaˀ-lɛ̀ˀk ,กะ-ตาด-พะ-เลี่ยก ,,,v,ขยี้ให้ละเอียดเป็นผง,,,,,,,,,,,,,,,,,
,583,ကတေ,kaˀ-te ,กะ-เต ,,,n,ปลาเค้าขนาดใหญ่,,,,,,,,,,,,,,,,,
,584,ကတောဝ်,kaˀ-tow ,กะ-โตว ,,,n,หู,,,,,,,,,,,,,,,,,
,585,ကတဴ,kaˀ-tao ,กะ-ตาว ,,,adj,ร้อน,,,,,,,,,,,,,,,,,
,586,ကတဴကတာန်,kaˀ-tao-kaˀ-tan ,กะ-ตาว-กะ-ตาน ,,,v,ร้อนนอกร้อนใน,v,เดือดร้อน,,,,,,,,,,,,,,,
,587,ကတဴကတာန်စံင်သၞာ,kaˀ-tao-kaˀ-tan-cɒŋ-saˀna ,กะ-ตาว-กะ-ตาน-จอง-ซะนา ,,,adj,ทุรนทุราย,adj,เดือดร้อน,,,,,,,,,,,,,,,
,588,ကတိုင်,kaˀ-tɒŋ ,กะ-ตาฺง ,,,n,หลุม,v,กระเด้ง,v,กระดอน,,,,,,,,,,,,,
,589,ကတိုင်ကလုဲ,kaˀ-tɒŋ-kaˀ-lùi ,กะ-ตาฺง-กะ-ลุ่ย ,,,n,การเล่นหยอดหลุม,,,,,,,,,,,,,,,,,
,590,ကတိုင်ဂေါက်,kaˀ-tɒŋ-kòk ,กะ-ตาฺง-โก่ก ,,,n,เตาไฟ,,,,,,,,,,,,,,,,,
,591,ကတိုင်စင်ခတေတ်,kaˀ-tɒŋ-caˀŋ-kʰaˀ-tet ,กะ-ตาฺง-จัง-คะ-เตด ,,,n,หลุมที่ขุดไว้ใต้แท่นเลื่อยไม้,,,,,,,,,,,,,,,,,
,592,ကတဵု,kaˀ-tɒw ,กะ-ตอฺว ,,,n,กะท้อน,,,,,,,,,,,,,,,,,
,593,ကတဵုဂကောင်,kaˀ-tɒw-kɛ̀ˀ-koŋ ,กะ-ตอฺว-เกี่ยะ-โกง ,,,n,ฝักคูณ,,,,,,,,,,,,,,,,,
,594,ကထေင်,kaˀ-tʰɒŋ ,กะ-ทอฺง ,,,v,คลึงเป็นทรงกลม,v,ทำให้กลม,v,ทำให้เป็นกลุ่มก้อน,,,,,,,,,,,,,
,595,ကဒဂေါင်,kaˀ-tɛ̀ˀ-kòŋ ,กะ-เตี่ยะ-โก่ง ,,,n,ปลาเข็ม,,,,,,,,,,,,,,,,,
,596,ကဒဒဵု,kaˀ-tɛ̀ˀ-tɤˀw ,กะ-เตี่ยะ-เติ่ว ,,,n,ปลาย่าง,,,,,,,,,,,,,,,,,
,597,ကဒလုင်,kaˀ-tɛ̀ˀ-lɤˀŋ ,กะ-เตี่ยะ-เลิ่ง ,,,n,ปลาไหล,,,,,,,,,,,,,,,,,
,598,ကဓီု,kaˀ-tʰɤˀm ,กะ-เทิ่ม ,,,n,ที่อยู่,n,เคหสถาน,,,,,,,,,,,,,,,
,599,ကနတ်,kaˀ-nòt ,กะ-น่ด ,,,n,ไม้กลัด,n,ยอด,,,,,,,,,,,,,,,
,600,ကနာတ်,kaˀ-na̤t ,กะ-น่าด ,,,n,ซัง,n,ชาน,,,,,,,,,,,,,ကနာတ်ၜဴ,n,"ซังอ้อย, ชานอ้อย"
,601,ကနုက်ကနာဲ,kaˀ-nɤˀk-kaˀ-na̤i ,กะ-เนิ่ก-กะ-น่าย ,,,v,ซ่อนเร้น,v,ปิดบัง,adj,วุ่นวาย,adj,ว้าวุ่น,adj,ฟุ้งซ่าน,,,,,,,,,
,602,ကနုကမာ,kaˀ-nuˀ-kaˀ-mɛ̀a ,กะ-นุ่-กะ-เมีย ,,,n,หอยนางรม,,,,,,,,,,,,,,,,,
,603,ကနေင်ဒွက်,kaˀ-nɒˀŋ-tɛ̤ˀwɛˀk ,กะ-น่อง-เตี่ยะแว่ก ,,,v,ผูกมัด,v,ผูกพันธ์,,,,,,,,,,,,,,,
,604,ကနေံ,kaˀ-nèm ,กะ-เน่ม ,,,n,มะดัน,,,,,,,,,,,,,,,,,
,605,ကနောတ်,kaˀ-nòt ,กะ-โน่ด ,,,prep,ปลาย,prep,ยอด,prep,สุด,,,,,,,,,,,,,
,606,ကနောတ်သော်,kaˀ-nòt-sok ,กะ-โน่ด-โซก ,,,n,ปิ่นปักผม,,,,,,,,,,,,,,,,,
,607,ကနံ,kaˀ-nòmˀ ,กะ-น่ม ,,,adj,เดือด,,,,,,,,,,,,,,,ဍာ်ကနံ,adj,น้ำเดือด
,608,ကပကိုင်,kaˀ-paˀ-kɒŋ ,กะ-ปะ-กาฺง ,,,n,ปลาแขยง,,,,,,,,,,,,,,,,,
,609,ကပဍေင်,kaˀ-paˀ-ɗɒŋ ,กะ-ปะ-ดอฺง ,,,n,ปลาน้ำกร่อยคล้ายปลาตะเพียนเกล็ดเล็ก,,,,,,,,,,,,,,,,,
,610,ကပနး,kaˀ-paˀ-nɛ̀h ,กะ-ปะ-เนี่ยฮ ,,,n,ปลาเม็ดขนุนป่า,,,,,,,,,,,,,,,,,
,611,ကပလိုက်,kaˀ-paˀ-lə̤k ,กะ-ปะ-ล่าฺก ,,,n,ปลาหัวยุ่ง,,,,,,,,,,,,,,,,,
,612,ကပေါဝ်,kaˀ-pow ,กะ-โปว ,,,n,ส้มป่อย,,,,,,,,,,,,,,,,,
,613,ကဗကိတ်,kaˀ-pɛ̀ˀ-kɔeˀt ,กะ-เปี่ยะ-กิด ,,,n,ปลากัด,,,,,,,,,,,,,,,,,
,614,ကဗွဲချဟ်,kaˀ-pɛ̤ˀwòa-kʰjɒh ,กะ-เปี่ยะวั่ว-คยอฮ ,,,n,ปลาดาบลาว,,,,,,,,,,,,,,,,,
,615,ကဗၞာံ,kaˀ-pɛ̤ˀnèm ,กะ-เปี่ยะเน่ม ,,,n,ปลาตะเพียน,,,,,,,,,,,,,,,,,
,616,ကဗလုဟ်,kaˀ-pɛ̀ˀ-lùˀh ,กะ-เปี่ยะ-ลุ่ฮ ,,,n,ปลากระบอก,,,,,,,,,,,,,,,,,
,617,ကဗလေင်,kaˀ-pɛ̀ˀ-lɒˀŋ ,กะ-เปี่ยะ-ล่อง ,,,n,ปลาสังคะวาด,,,,,,,,,,,,,,,,,
,618,ကဗုင်ပေတ်,kaˀ-pɤˀŋ-pet ,กะ-เปิ่ง-เปด ,,,n,ปลาชนิดหนึ่งรูปคล้ายปลาสร้อยแต่ตัวโตกว่า,,,,,,,,,,,,,,,,,
,619,ကမနာံ,kaˀ-mɛ̀ˀ-nèm ,กะ-เมี่ยะ-เน่ม ,,,n,ปลากะมัง,,,,,,,,,,,,,,,,,
,620,ကမပနဟ်,kaˀ-mɛ̀ˀ-paˀ-nòh ,กะ-เมี่ยะ-ปะ-โน่ฮ ,,,n,ปลาชนิดหนึ่งคล้ายปลาช่อน,,,,,,,,,,,,,,,,,
,621,ကမက်,kaˀ-mɛˀk ,กะ-แม่ก ,,,n,พวงมาลัย,n,สร้อยคอ,n,อักษรกล้ำ,,,,,,,,,,,,,
,622,ကမက်မဂွါ,kaˀ-mɛˀk-mɛ̀ˀ-kwɛ̀a ,กะ-แม่ก-เมี่ยะ-เกวีย ,,,n,สร้อยคอลูกปัด,,,,,,,,,,,,,,,,,
,623,ကမင်ဂဝ်,kaˀ-mɛˀŋ-kòw ,กะ-แม่ง-โก่ว ,,,n,มังกร,,,,,,,,,,,,,,,,,
,624,ကမတ်,kaˀ-mòt ,กะ-ม่ด ,,,n,ผักแพงพวย,,,,,,,,,,,,,,,,,
,625,ကမတ်ချောဲ,kaˀ-mòt-kʰjoa ,กะ-ม่ด-คยัว ,,,n,หญ้า,,,,,,,,,,,,,,,,,
,626,ကမတ်ဒဇိပ်,kaˀ-mòt-tɛ̀ˀ-cìˀp ,กะ-ม่ด-เตี่ยะ-จิ่บ ,,,n,หญ้าแพรก,,,,,,,,,,,,,,,,,
,627,ကမတ်ဒွောံ,kaˀ-mòt-tɛ̤ˀwòˀ ,กะ-ม่ด-เตี่ยะโว่ะ,,,v,สัมผัส,v,เสียดสี,,,,,,,,,,,,,,,
,628,ကမတ်ဒွောအ်,kaˀ-mòt-tɛ̤ˀwòˀ ,กะ-ม่ด-เตี่ยะโว่ะ,,,v,สัมผัส,v,เสียดสี,,,,,,,,,,,,,,,
,629,ကမတ်လမာန်,kaˀ-mòt-lɛ̀ˀ-ma̤n ,กะ-ม่ด-เลี่ยะ-ม่าน ,,,n,หญ้าละม้าน,,,,,,,,,,,,,,,,,
,630,ကမာ,kaˀ-mɛ̀a ,กะ-เมีย ,,,n,สระน้ำ,n,บ่อน้ำ,adj,แฝด,,,,,,,,,,,,,
,631,ကမာတ်,kaˀ-ma̤t ,กะ-ม่าด ,,,n,นกแร้ง,n,นกอีแร้ง,,,,,,,,,,,,,,,
,632,ကမုဟ်,kaˀ-mùˀh ,กะ-มุ่ฮ ,,,adj,(ข้าว)เย็น,,,,,,,,,,,,,,,ပုင်ကမုဟ်,adj,ข้าวที่หุงเหลืือไว้ข้ามมื้อ
,633,ကမော်,kaˀ-mòk ,กะ-โม่ก ,,,n,โพรง,v,คำนวน,v,ตัก,,,,,,,,,,,,,
,634,ကမောင်,kaˀ-mòŋ ,กะ-โม่ง ,,,adj,แข็งแรง,adj,มีเรียวแรงดี,,,,,,,,,,,,,,,
,635,ကမောံဗှ်,kaˀ-mòm-pòh ,กะ-โม่ม-โป่ฮ ,,,n,ชื่อเรียกส่วนประกอบของเจดีย์คล้ายทรงบัวตูม,,,,,,,,,,,,,,,,,
,636,ကမြဴ,kɒm-rɛ̀a ,กอม-เรีย ,kɒm-rao,กอมราว,v,ประกาศ,,,,,,,,,,,,,,,,,
,637,ကယ,kaˀ-jɛ̀ˀ ,กะ-เยี่ยะ ,,,n,ความพ่ายแพ้,,,,,,,,,,,,,,,,,
,638,ကယဝ်,kaˀ-jòw ,กะ-โย่ว ,,,n,ต้นสักกะเมือวา,v,เข็ดหลาบ,,,,,,,,,,,,,,,
,639,ကယဟ်,kaˀ-jòh ,กะ-โย่ฮ ,,,n,โจทย์เลข,,,,,,,,,,,,,,,,,
,640,ကယာင်,kaˀ-ja̤ŋ,กะ-ย่าง ,,,n,บ่วงบาศก์,n,สังกรณี,,,,,,,,,,,,,,,
,641,ကယု,Kaˀ-juˀ,กะ-ยุ่ ,kaˀ-jaò ,กะ-เย่า,n,หนอน,,,,,,,,,,,,,,,,,
,642,ကယူ,Kaˀ-jù,กะ-ยู่ ,kaˀ-jao ,กะ-เยา,v,จองหอง,,,,,,,,,,,,,,,,,
,643,ကယေက်,kaˀ-jɛ̀ˀk,กะ-เยี่ยก ,,,v,จี้,,,,,,,,,,,,,,,,,
,644,ကယောင်,Kaˀ-jòŋ,กะ-โย่ง ,,,v,ทอดหรือวางเหรียญให้เกิดเสียง (มักใช้ในพิธีฉลองสร้างพระ),,,,,,,,,,,,,,,,,
,645,ကယောဝ်,Kaˀ-jòw,กะ-โย่ว ,,,v,เอื้อม,v,เขย่งเท้าขึ้นหยิบ,,,,,,,,,,,,,,,
,646,ကယဴ,kaˀ-jɛ̀a,กะ-เยีย ,kaˀ-jao ,กะ-เยา,n,ตะกอ,n,อุปกรณ์ทอผ้าชนิดหนึ่ง,,,,,,,,,,,,,,,
,647,ကရတ်,kaˀ-ròt ,กะ-ร่ด ,,,n,ทางลัด,,,,,,,,,,,,,,,,,
,648,ကရန်,kaˀ-ròn ,กะ-ร่น ,,,adj,หยิก,,,,,,,,,,,,,,,သော်ကရန်,adj,ผมหยิก
,649,ကရာန်,kaˀ-ra̤n ,กะ-ร่าน ,,,n,ตะใบ,n,ขอช้าง,n,พืชชนิดหนึ่งที่มีหนามขึ้นอยู่ตามบึงหนอง,,,,,,,,,,,,,
,650,ကရာတ်,kaˀ-ra̤t ,กะ-ร่าด ,,,n,แปรงทำด้วยผลเตยใช้ในการทอผ้า,v,กระเซ็น,,,,,,,,,,,,,,,
,651,ကရာပ်,kaˀ-rèp ,กะ-เร่บ ,,,v,ไม้ปิ้งปลา,v,ไม้ตับ,,,,,,,,,,,,,,,
,652,ကရိကနာ,kaˀ-rìˀ-kaˀ-nɛ̀a ,กะ-ริ่-กะ-เนีย ,kaˀ-rɔɪ-kaˀ-na ,กะ-รอย-กะ-นา,v,ทำพอเป็นพิธี,v,ทำเอาเคล็ด,,,,,,,,,,,,,,,
,653,ကရဳ,kaˀ-rì ,กะ-รี่ ,,,n,การกระทำ,n,สัญญา,,,,,,,,,,,,,,,
,654,ကရဳကရောတ်,kaˀ-rì-kaˀ-ròt ,กะ-รี่-กะ-โร่ด ,kaˀ-raɪ-kaˀ-ròt  ,กะ-รอย-กะ-โรด,v,ร่ำให้,v,โอดครวญ,,,,,,,,,,,,,,,
,655,ကရေင်,kaˀ-rɒˀŋ ,กะ-ร่อง ,,,adv,เฉย,,,,,,,,,,,,,,,မံင်ကရေင်,adv,อยู่เฉย
,656,ကရေင်,kaˀ-rɛ̀aŋ ,กะ-เรียง,,,n,ชาวกะเหรี่ยง,,,,,,,,,,,,,,,,,
,657,ကရဲ,kaˀ-ròa ,กะ-รั่ว ,,,n,ลูกข่าง,,,,,,,,,,,,,,,,,
,658,ကရေဲ,kaˀ-rɛ̀a ,กะ-เรี่ย ,,,n,ปลาตากเค็มที่บั้งเป็นริ้ว,,,,,,,,,,,,,,,,,
,659,ကရောတ်ကသဝ်,kaˀ-ròt-kaˀ-sɒw ,กะ-โร่ด-กะ-ซอว ,,,v,ร้องให้คร่ำครวญ,,,,,,,,,,,,,,,,,
,660,ကရဴ,kaˀ-rɛ̀a ,กะ-เรีย ,kaˀ-rao,กะ-ราว,n,ทาง,n,หนทาง,n,prep,ข้างหลัง,,,,,,,,,,ကွာ်ကရဴ,n,เดินทาง
,661,ကရံင်,kaˀ-rɒˀŋ ,กะ-ร่อง ,,,n,ไม้เสียบปลา,adj,แก่ (ใช้กับคน),v,ทำให้แก่กล้า,,,,,,,,,,,,,
,662,ကရး,kaˀ-rɛ̀h ,กะ-เรี่ยฮ ,,,adj,เรี่ยราด,adj,เกลื่อนกลาด,adj,กระจาย,,,,,,,,,,,,,
,663,ကရးလိက်,kaˀ-rɛ̀h-lɤˀk ,กะ-เรี่ยฮ-เลิ่ก ,,,v,ประกาศข่าว,v,กระจายข่าว,v,ประชาสัมพันธ์,,,,,,,,,,,,,
,664,ကရိုက်,kaˀ-rə̤k ,กะ-ร่าฺก ,,,adj,พอเหมาะ,adj,พอควร,,,,,,,,,,,,,,,
,665,ကရိုက်စိုတ်,kaˀ-rə̤k-cɒt ,กะ-ร่าฺก-จอฺด ,,,adj,ตามใจ,adj,แล้วแต่ใจ,,,,,,,,,,,,,,,
,666,ကရိုပ်,kaˀ-rɤˀp ,กะ-เริ่บ ,,,adj,(ฝนตก)ชุก,,,,,,,,,,,,,,,,,
,667,ကလေၚတ်,kaˀ-lè-ŋòt ,กะ-เล่-ง่ด ,,,n,ปลากด,,,,,,,,,,,,,,,,,
,668,ကလတာ်ကၠဵု,kaˀ-lɛ̀ˀ-tak-klɒw ,กะ-เลี่ยะ-ตาก-กลอฺว ,,,n,ปลาลิ้นหมา,,,,,,,,,,,,,,,,,
,669,ကလတာံ,kaˀ-lɛ̀ˀ-tam ,กะ-เลี่ยะ-ตาม ,,,n,ปลาเนื้ออ่อน,,,,,,,,,,,,,,,,,
,670,ကလဒက်,kaˀ-lɛ̀ˀ-tɛˀk ,กะ-เลี่ยะ-แต่ก ,,,n,ปลาก้าง,,,,,,,,,,,,,,,,,
,671,ကလနန်,kaˀ-lɛ̀ˀ-nòn ,กะ-เลี่ยะ-น่น ,,,n,ปลาช่อน,,,,,,,,,,,,,,,,,
,672,ကလဗါတ်,kaˀ-lɛ̀ˀ-pa̤t ,กะ-เลี่ยะ-ป่าด ,,,n,ปลาดัก,,,,,,,,,,,,,,,,,
,673,ကလတ်,kaˀ-lòt ,กะ-ล่ด ,,,n,ทะนาน,n,ลูกมะแพง,n,ลูกซ่าน,,,,,,,,,,,,,
,674,ကလအ်,kaˀ-lòˀ ,กะ-โล่ะ ,,,v,ขมาโทษ,v,ลา(กลับ),,,,,,,,,,,,,,,
,675,ကလာ,kaˀ-lɛ̀a ,กะ-เลีย ,kaˀ-la,กะ-ลา,n,หีบ,n,ห่อ,n,กระป๋อง,n,กระเป๋า,n,หีบศพ,n,วันมะเรื่อง,,,,,,,
,676,ကလာ်,kaˀ-la̤k ,กะ-ล่าก ,,,n,ม้วนผ้าที่ได้จากการทอด้วยกี่,,,,,,,,,,,,,,,,,
,677,ကလာဲ,kaˀ-la̤i ,กะ-ล่าย ,,,v,สยาย,,,,,,,,,,,,,,,ကလာဲသော်,v,สยายผม
,678,ကလိ,kaˀ-lìˀ ,กะ-ลิ่ ,kaˀ-lɔɪ ,กะ-ลอย,n,โสน,v,ผ่านพ้น,v,ได้,v,ลุ,v,ล่วง,,,,,,,ကလိဂွံဒြပ်,v,ได้รับสิ่งของ
,679,ကလိကလဴ,kaˀ-lìˀ-kaˀ-lɛ̀a ,กะ-ลิ่-กะ-เลีย ,kaˀ-lɔɪ-kaˀ-lao ,กะ-ลอย-กะ-ลาว,n,โสนหางไก่,,,,,,,,,,,,,,,,,
,680,ကလိင်,kaˀ-lɤˀŋ ,กะ-เลิ่ง ,,,v,หลง,n,กระทิง,,,,,,,,,,,,,,,
,681,ကလိတ်,kaˀ-lìˀt ,กะ-ลิ่ด ,,,v,ลื่น,,,,,,,,,,,,,,,,,
,682,ကလဳ,kaˀ-lì ,กะ-ลี่ ,,,n,วันมะรืน,,,,,,,,,,,,,,,,,
,683,ကလုက်,kaˀ-lɤˀk ,กะ-เลิ่ก ,,,v,ขานรับ,,,,,,,,,,,,,,,,,
,684,ကလုတ်,kaˀ-lùˀt ,กะ-ลุ่ด ,,,n,ทูต,v,เพาะ,,,,,,,,,,,,,,,
,685,ကလုဲ,kaˀ-lùi ,กะ-ลุ่ย ,,,n,มะขามป้อม,,,,,,,,,,,,,,,,,
,686,ကလေက်,kaˀ-lɛ̀ˀk ,กะ-เลี่ยก ,,,n,วันถัดจากวันมะเรื่อง,n,อีก 5 วันข้างหน้า,,,,,,,,,,,,,,,
,687,ကလေင်,kaˀ-lɒˀŋ ,กะ-ล่อง ,kaˀ-lɛ̀aŋ ,กะ-เลียง,v,กลับ,,,,,,,,,,,,,,,,,
,688,ကလေတ်,kaˀ-lèt ,กะ-เล่ด ,,,v,ป้าย,v,ทา,,,,,,,,,,,,,,,
,689,ကလေန်,kaˀ-lèn ,กะ-เล่น ,,,v,บวม,v,เต่ง,,,,,,,,,,,,,,,
,690,ကလေမ်,kaˀ-lèm ,กะ-เล่ม ,,,v,เลีย,v,ดูดกิน,,,,,,,,,,,,,,,
,691,ကလေဟ်,kaˀ-lèˀh ,กะ-เล่ฮ ,,,v,บิ่น,v,ริมหรือขอบแตกออกบางส่วน,,,,,,,,,,,,,,,
,692,ကလေဟ်သတ်,kaˀ-lèˀh-sɒt ,กะ-เล่ฮ-ซอด ,,,n,กรรไกรหนีบหมาก,,,,,,,,,,,,,,,,,
,693,ကလေံ,kaˀ-lèˀ ,กะ-เล่ะ ,,,v,กรีด,v,กรีดมีด,v,เลีย,v,ชิม,v,แลบ,,,,,,,,,
,694,ကလေအ်,kaˀ-lèˀ ,กะ-เล่ะ ,,,v,กรีด,v,กรีดมีด,v,เลีย,v,ชิม,v,แลบ,,,,,,,,,
,695,ကလေံထောံ,kaˀ-lèˀ-tʰoˀ ,กะ-เล่ะ-โทะ ,,,v,ทำให้หาย,,,,,,,,,,,,,,,,,
,696,ကလေအ်ထောအ်,kaˀ-lèˀ-tʰoˀ ,กะ-เล่ะ-โทะ ,,,v,ทำให้หาย,,,,,,,,,,,,,,,,,
,697,ကလေဲ,kaˀ-lɛ̀a ,กะ-เลี่ย ,,,v,ขมึง(ใช้กับตา),,,,,,,,,,,,,,,,,
,698,ကလော်,kaˀ-lòk ,กะ-โล่ก ,,,n,ผี,,,,,,,,,,,,,,,,,
,699,ကလော်ဂလာ,kaˀ-lòk-kɛ̀ˀ-lɛ̀a ,กะ-โล่ก-เกี่ยะ-เลีย ,,,n,ผีเสื้อ,,,,,,,,,,,,,,,,,
,700,ကလောတ်,kaˀ-lòt ,กะ-โล่ด ,,,n,ขลุ่ย,,,,,,,,,,,,,,,,,
,701,ကလောဒညာတ်,kaˀ-ləʊ-tòɲ-ɲa̤t ,กะ-โลว-ต่ญ-ญ่าด ,kaˀ-ləʊ-tɛ̀ˀ-ɲa̤t ,กะ-โลว-เตี่ยะ-ญ่าด ,n,ญาติพี่น้อง,,,,,,,,,,,,,,,,,
,702,ကလောံ,kaˀ-lòˀ ,กะ-โล่ม ,,,v,พาข้าม,clf,ก้อน,,,,,,,,,,,,,ကလောံၜဳ,v,พาข้ามแม่น้ำ
,703,ကလောအ်,kaˀ-lòˀ ,กะ-โล่ะ ,,,,,,,,,,,,,,,,,,,,,
,704,ကလံ,kaˀ-lòˀ ,กะ-โล่ะ ,Kaˀ-lɒˀ ,กะ-เลาะ,v,ขมาโทษ,v,ลา(กลับ),,,,,,,,,,,,,,,
,705,ကလအ်,kaˀ-lòˀ ,กะ-โล่ะ ,Kaˀ-lɒˀ ,กะ-เลาะ,v,ขมาโทษ,v,ลา(กลับ),,,,,,,,,,,,,,,
,706,ကလံက်,kaˀ-lɒˀk ,กะ-ล่อก ,,,v,จิ้ม,v,จุ่ม,,,,,,,,,,,,,,,
,707,ကလိုက်,kaˀ-lə̤k ,กะ-ล่าฺก ,,,v,ขับไล่สัตว์ปีก,v,กระเพื่อม,,,,,,,,,,,,,ကလိုက်ဂစေံ,v,ขับไล่นก
,708,ကလိုက်ကမဵု,kaˀ-lə̤k-kaˀ-mɤˀw ,กะ-ล่าฺก-กะ-เมิ่ว ,,,v,แตกตื่น,v,วุ่นวาย,v,โกลาหล,,,,,,,,,,,,,
,709,ကလီု,kaˀ-lɤˀm ,กะ-เลิ่ม ,,,v,หย่อนตัวลง,n,หลบหลังคา,,,,,,,,,,,,,,,
,710,ကလိုဟ်,kaˀ-lɤˀh ,กะ-เล่อฮ ,,,v,กระทุ้ง,v,บอกกัน,v,แจ้ง,v,ทำให้ทะลุถึงกัน,adj,ลั่น(ปืน),adj,ลั่น(มือ),,,,,,,
,711,ကဝ,kaˀ-wɛ̀ˀ ,กะ-เวี่ยะ ,kaˀ-wa,กะ-วะ,n,ค้างคาว,,,,,,,,,,,,,,,,,
,712,ကဝကၞိ,kaˀ-wɛ̀ˀ-kaˀnɔɪ ,กะ-เวี่ยะ-กะนอฺย ,kaˀ-wa-kaˀnɔɪ ,กะ-วะ-กะนอฺย ,n,ค้างคาวหมู,,,,,,,,,,,,,,,,,
,713,ကဝၝောံစာင်,kaˀ-wɛ̀ˀ-ɓòˀ-caŋ ,กะ-เวี่ยะ-โบ่ะ-จาง ,kaˀ-wa-ɓòˀ-caŋ ,กะ-วะ-โบ่ะ-จาง ,n,ค้างคาวแม่ไก่,,,,,,,,,,,,,,,,,
,714,ကဝၝောအ်စာင်,kaˀ-wɛ̀ˀ-ɓòˀ-caŋ ,กะ-เวี่ยะ-โบ่ะ-จาง ,kaˀ-wa-ɓòˀ-caŋ ,กะ-วะ-โบ่ะ-จาง ,n,ค้างคาวแม่ไก่,,,,,,,,,,,,,,,,,
,715,ကဝက်,kaˀ-wɛˀk ,กะ-แว่ก ,,,adj,ครึ่งหนึ่ง,n,กระจ่า,,,,,,,,,,,,,,,
,716,ကဝါ်,kaˀ-wa̤k ,กะ-ว่าก ,,,n,ขบวน,n,การแห่,n,ริ้วขบวน,v,พา,v,นำ,,,,,,,,,
,717,ကဝါင်,kaˀ-wa̤ŋ ,กะ-ว่าง ,,,adj,โค้งกลม,adj,โง้ง,,,,,,,,,,,,,ကသော်ပါင်ကဝါင်,adj,หนวดโง้ง
,718,ကဝိ,kaˀ-wìˀ ,กะ-วิ่ ,,,n,กวี,n,นักประพันธ์,,,,,,,,,,,,,,,
,719,ကဝိင်,kaˀ-wɤˀŋ ,กะ-เวิ่ง ,,,n,ข่า,,,,,,,,,,,,,,,,,
,720,ကဝုတ်,kaˀ-wùˀt ,กะ-วุ่ด ,,,v,ซื้อเชื่อ,,,,,,,,,,,,,,,,,
,721,ကဝေက်,kaˀ-wɛ̀ˀk ,กะ-เวี่ยก ,,,n,เศษแก้วเศษกระเบื้อง,,,,,,,,,,,,,,,,,
,722,ကဝေဂလာ,kaˀ-wè-kɛ̀ˀ-lɛ̀a ,กะ-เว่-เกี่ยะ-เลีย ,,,n,บวบงู,,,,,,,,,,,,,,,,,
,723,ကဝေင်,kaˀ-wɒˀŋ ,กะ-ว่อง ,,,n,คู่รัก,,,,,,,,,,,,,,,,,
,724,ကဝေန်,kaˀ-wèn ,กะ-เว่น ,,,v,ขด,v,คุดคู้,,,,,,,,,,,,,,,
,725,ကဝေန်ကဝး,kaˀ-wèn-kaˀ-wɛ̀h ,กะ-เว่น-กะ-เวี่ยฮ ,,,adj,ขดๆ,adj,งอๆ,adj,คุดคู้,,,,,,,,,,,,,
,726,ကဝဲ,kaˀ-wòa ,กะ-วั่ว ,,,v,บิด,v,ไข,v,หมุน,n,ปลาฉาม,,,,,,,,,,,
,727,ကဝဲဇြင်,kaˀ-wòa-crɛˀŋ ,กะ-วั่ว-แจร่ง ,kaˀ-wòa-sɛˀŋ ,กะ-วั่ว-แซ่ง ,n,ปลาดาบ,,,,,,,,,,,,,,,,,
,728,ကဝံက်,kaˀ-wɒˀk ,กะ-ว่อก ,,,v,ดัดให้โค้ง,v,ดัดให้งอ,,,,,,,,,,,,,,,
,729,ကဝး,kaˀ-wɛ̀h ,กะ-เวี่ยฮ ,,,clf,ขด,v,ขด,v,ม้วน,,,,,,,,,,,,,
,730,ကသကအ်,kaˀ-saˀ-kɒˀ ,กะ-ซะ-เก่าะ ,,,n,ปลาดุก,,,,,,,,,,,,,,,,,
,731,ကသပါ,kaˀ-saˀ-pa ,กะ-ซะ-ปา ,,,n,ปลากระเบน,,,,,,,,,,,,,,,,,
,732,ကသလံက်,kaˀ-saˀ-lɒˀk ,กะ-ซะ-ล่อก ,,,n,ปลาน้ำเค็มชนิดหนึ่งที่จะวางไข่ในฤดูร้อน,,,,,,,,,,,,,,,,,
,733,ကသက်ကသာ,kaˀ-saˀk-kaˀ-sa ,กะ-ซัก-กะ-ซา ,,,adj,กระสับกระส่าย,adj,ร้อนรุ่มกลุ้มใจ,,,,,,,,,,,,,,,
,734,ကသာဲတုတ်,kaˀ-sai-tùˀt ,กะ-ซาย-ตุด ,,,n,ด้ายตะกอ (ส่วนประกอบในเครื่องหุก),,,,,,,,,,,,,,,,,
,735,ကသိပနဟ်,kaˀ-sɔɪ-paˀ-nòh ,กะ-ซอฺย-ปะ-โน่ฮ ,,,n,ส่าขนุน,,,,,,,,,,,,,,,,,
,736,ကသဳ,kaˀ-saɪ ,กะ-ซอย ,,,n,เคลื่อนไหว,n,ขยับ,,,,,,,,,,,,,,,
,737,ကသု,kaˀ-saò ,กะ-เซ่า ,,,n,พาย,,,,,,,,,,,,,,,,,
,738,ကသူ,kaˀ-sao ,กะ-ซาว ,,,v,วาดภาพ,v,วาดเขียน,,,,,,,,,,,,,,,
,739,ကသူကၞေင်,kaˀ-sao-kaˀnɒŋ ,กะ-ซาว-กะนอฺง ,,,n,พรหมลิขิต,n,บุพเพสันนิวาส,,,,,,,,,,,,,,,
,740,ကသေဲ,kaˀ-sea ,กะ-เซีย ,,,v,กระซิบ,,,,,,,,,,,,,,,,,
,741,ကသေံ,kaˀ-seˀ ,กะ-เซ่ะ ,,,v,ชวน,,,,,,,,,,,,,,,,,
,742,ကသေအ်,kaˀ-seˀ ,กะ-เซ่ะ ,,,v,ชวน,,,,,,,,,,,,,,,,,
